text,image_path,label
"Cab parking in Hoboken, NJ flooded by #Sandy - found this 2 be 1 of the most dramatic pics of the storm. SVP http://t.co/NyCNFQbW",images_train/sandy_real_120.jpg,irrelevant
Harvey and Irma Make Their Presence Felt ‚Äö√Ñ√¨ Market Update https://t.co/AjZqlIqlcy #finance https://t.co/01Ljbaj4G1,data_image/hurricane_irma/19_9_2017/910005587496157184_0.png,irrelevant
Here√¢‚Ç¨‚Ñ¢s How to Help the Victims of Mexico√¢‚Ç¨‚Ñ¢s 7.1-Magnitude Earthquake https://t.co/NSCAjHMARd https://t.co/5ertBBGPR4,data_image/mexico_earthquake/20_9_2017/910553151215988740_0.jpg,irrelevant
#waterworld #nycflood2012 #sandy #hurricane http://t.co/51g2JwRM,images_train/sandy_real_120.jpg,irrelevant
Nepal's historic Dharahara Tower collapses in massive earthquake http://t.co/qSdF2aobpy,images_train/nepal_25.jpg,irrelevant
It's getting real #sandy http://t.co/Pm7tzieo,images_train/sandy_real_107.jpg,irrelevant
"‚Äú@adagamov: Taxi Terminal in Hoboken, NJ http://t.co/NAgbY2zv‚Äù #Sandy",images_train/sandy_real_120.jpg,irrelevant
Outskirts of Sadrith Mora #ESO #Morrowind https://t.co/2DFL1maTZ6,data_image/srilanka_floods/3_6_2017/871037159326830592_0.jpg,irrelevant
Mexico earthquake: Praise for those who raced to help others https://t.co/YzNx5JmTSR https://t.co/h0vYeSEyN0,data_image/mexico_earthquake/20_9_2017/910524470338609153_0.jpg,irrelevant
"Thoughts w/ all impacted by storm, grateful most safe. Our view last night #NoSkyline. Remains dark inside too. #Sandy http://t.co/qkSPDsA2",images_train/sandy_real_46.jpg,irrelevant
Congratulations to The Harvey Family on your purchase! https://t.co/Y23ibjgH9S #carcorral2 https://t.co/JYpWu8e70v,data_image/hurricane_harvey/8_9_2017/906258097676599296_0.jpg,irrelevant
Mexico City @rtppt reporting from EUROVISION #LivePositions #MexicoEarthquake : https://t.co/R6Rpic45DA https://t.co/2PsIJKolwb,data_image/mexico_earthquake/24_9_2017/911861625895911424_1.jpg,irrelevant
russellblaymore's photo http://t.co/bTpivFIP #hurricanesandy @cnn,images_train/sandy_real_124.jpg,irrelevant
Swiming pool and nordic walk are @ONCOAVANZE projects explained by Matilde Mora in #CATCHITN #QoL #goodHabits https://t.co/dVlXsWA82d,data_image/srilanka_floods/7_6_2017/872575689551208449_0.jpg,irrelevant
–ü–æ—Å–ª–µ —É—Ä–∞–≥–∞–Ω–∞ #–°—ç–Ω–¥–∏ –ª—é–¥–∏ –ø–æ–º–æ–≥–∞—é—Ç –¥—Ä—É–≥ –¥—Ä—É–≥—É –ø–æ –º–µ–ª–æ—á–∞–º #–Ω—å—é–π–æ—Ä–∫ #—Ç–∞–π—Ñ—É–Ω #usa #Sandy http://t.co/qaLeYo0q,images_train/sandy_real_71.jpg,irrelevant
Wow...World Trade Center Site under flood water: http://t.co/ibLrLMqF #Sandy #Hurricane #NYC,images_train/sandy_real_106.jpg,irrelevant
A mob of marathoners heading over to Staten Island. No race They're going to help out instead. #sandy http://t.co/UVVU9RpX,images_train/sandy_real_41.jpg,irrelevant
amazing cover ‚Äú@jheil @BruceFeiler: This New York Magazine cover of #Sandy will go down in history. ICYMI http://t.co/YU8kEOui‚Äù,images_train/sandy_real_59.jpg,irrelevant
RT @JabezLeal: RT to help my teammates out ·Ω§F·ºøC·ºº8#KingwoodHighSchool #HurricaneHarvey #RubTheHoof https://t.co/MXRepdFBGe,data_image/hurricane_harvey/7_9_2017/905777977249681409_2.jpg,irrelevant
Puerto Rico-a grateful people. √°¬º≈∏A√°¬º≈∏8UnitedWeRecover√°¬º≈∏5√°¬º≈∏7 https://t.co/VD8Q6LpXhZ,data_image/hurricane_maria/6_11_2017/927514874456035329_0.jpg,irrelevant
"Monica Puig: 'Help Puerto Rico,' it's 'in crisis now' https://t.co/HMkkm9bARK #SocialMedia https://t.co/utY6HHwSRc",data_image/hurricane_maria/28_9_2017/913402519031812096_0.jpg,irrelevant
ŸÉÿßÿ±ÿ´ÿ© ÿßŸÑŸÜŸäÿ®ÿßŸÑ ÿ™ÿ∑ÿßŸÑ 8 ŸÖŸÑÿßŸäŸäŸÜ ÿ¥ÿÆÿµ!\nhttp://t.co/vObq8otWiP\n#NepalEarthquake http://t.co/Q3xDQJFrP6,images_train/nepal_24.jpg,irrelevant
Floating cabs #Sandy http://t.co/R2BtX8k7,images_train/sandy_real_120.jpg,irrelevant
Mapping Photos of Hurricane Maria https://t.co/7OJrzPIDRx https://t.co/NIeKFRgbl9,data_image/hurricane_maria/28_9_2017/913473823701266432_0.jpg,irrelevant
"I'm shocked that the East Village was flooded that badly, wow. #sandy #nyc http://t.co/mQbUelZH",images_train/sandy_real_122.jpg,irrelevant
EricssenWen: RT WSJ: Dharahara Tower then and now: A history of earthquakes in Nepal http://t.co/ACzJYh2bH5,images_train/nepal_24.jpg,irrelevant
sandy #thisisreal üò≥ http://t.co/NDZRBQyZ,images_train/sandy_real_108.jpg,irrelevant
Nepal's historic Dharahara Tower collapses in massive earthquake. http://t.co/cHGUQ6qsj6 ‚Ä¶ http://t.co/oqLZ4EwTbq,images_train/nepal_25.jpg,irrelevant
"The \""other side\""of Sandy not seen on TV &amp; newspaper.The hurricane also struck Cuba,Ha√Øti and the Dominican Republic ! http://t.co/rSwbAsEQ",images_train/sandy_real_22.jpg,irrelevant
Whoah. RT @Belstaff: This picture says it all. #Sandy #newyorkcity http://t.co/p1Hz1oO8,images_train/sandy_real_59.jpg,irrelevant
"RT @IndyEleven: √°¬Ω≈í6 REMINDER: #INDvPRFC has been postponed to Wed., October 4. Details √Ç¬ª https://t.co/dYAFD1aI34 https://t.co/2cFIlLAZey",data_image/hurricane_maria/23_9_2017/911644237195825152_0.jpg,irrelevant
@AmericanAir thanks for your response regarding cost of flights. We will hold you to this. #MariaPR #HurricaneMaria https://t.co/Mc7tbs9EYA,data_image/hurricane_maria/25_9_2017/912451378445987840_0.jpg,irrelevant
"News 12 NJ #HURRICANESANDY ew, why did I write in caps? http://t.co/uTgSJFuY",images_train/sandy_real_107.jpg,irrelevant
This is fantastic! #Sandy http://t.co/M64bBmYl,images_train/sandy_real_71.jpg,irrelevant
"Ya'll be sure to get in on this week's poll. I've got to know what you think. You know, in case I need to know.‚Äö√Ñ¬∂ https://t.co/VagZDofDF5",data_image/hurricane_irma/18_9_2017/909776194425454592_0.jpg,irrelevant
RT +1 @mattsconce: The kindness if Strangers seen in NJ! #payitforward #kindness #Sandy http://t.co/vr6REMAd,images_train/sandy_real_71.jpg,irrelevant
Nice! RT @Alyssa_Milano: Thank goodness for people who are kind  #sandy http://t.co/BfyEesdq /via @CarrieFairygirl,images_train/sandy_real_71.jpg,irrelevant
Every new attack is considered a wake up call. Why? Weren't the previous ones enough? #GarissaAttack #Westgate #Kenya http://t.co/KUkG6GFdSv,images_train/garissa_03.jpg,irrelevant
#MondayMotivation Get involved raising money for #HurricaneHarvey victims here https://t.co/xMXzslMi3I https://t.co/1EznBrD6Np,data_image/hurricane_harvey/18_9_2017/909854802510786560_0.jpg,irrelevant
https://t.co/s02GuEAcQU Hurricane Maria oldmeme by Xevioni FOLLOW 4 MORE MEMES. https://t.co/cfIa91iKpu,data_image/hurricane_maria/11_11_2017/929176216602644480_0.jpg,irrelevant
"Just spotted this: how some in #Hoboken, #NewJersey are recharging their gadgets post-#Sandy. http://t.co/JwiGvM0h",images_train/sandy_real_71.jpg,irrelevant
While you were sleeping Mexico earthquake death toll continues to climb #D20 https://t.co/JMcmUjvQN9 https://t.co/Vb2Gt5GPYU,data_image/mexico_earthquake/20_9_2017/910570918681903104_0.jpg,irrelevant
Beyonc√© drops a new remix to boost Hurricane Maria efforts https://t.co/iTwYhuIVSZ https://t.co/BBRyOJGl89,data_image/hurricane_maria/29_9_2017/913769445490925569_0.jpg,irrelevant
"Puerto Rico: Geography, History and Other Facts https://t.co/AjU65Hhnbn #Science https://t.co/AQby7uMbmT",data_image/hurricane_maria/27_10_2017/923743407184515073_0.jpg,irrelevant
#boston #Coward #Manhunt #looser #Bomber http://t.co/PBAx5IDamJ,images_train/boston_real_27.jpg,irrelevant
530 people have died so far from huge earthquake in Iran. These people need our prayers now! https://t.co/gIlhx3BieF,data_image/iraq_iran_earthquake/14_11_2017/930475123634769920_0.jpg,irrelevant
"Corps of Engineers Costs Top $1B for Puerto Rico, Virgin Islands Work ~via DoD Buzz https://t.co/5277e0jE66 https://t.co/yUpxDg40BT",data_image/hurricane_maria/23_10_2017/922486815797469184_0.jpg,irrelevant
"@rohan4747 Rohan Mehra Confirms About his Stint in Saasiral Simar Ka, His Character and Mora √°¬Ω A√°¬Ω A√°¬Ω A√°¬Ω A√°¬Ω A https://t.co/u9eXNydwIJ",data_image/srilanka_floods/30_6_2017/880671923109339136_0.jpg,irrelevant
"VIDEO: Epcot Memories, Hurricane Irma Impact, The Map Game and More on WDW News Tonight https://t.co/uhSuwyEcqc https://t.co/17bSct0Sfe",data_image/hurricane_irma/17_9_2017/909447649291464705_0.jpg,irrelevant
Our Lady Tennis Team is now 8-0 with a win over Harvey. Keep it going Wolverines! https://t.co/6Mo6Ztnx6z,data_image/hurricane_harvey/11_9_2017/907354855899123714_1.jpg,irrelevant
"RT @codymarshall_: Harvey Gray, local thug https://t.co/mOqTFas1gW",data_image/hurricane_harvey/12_9_2017/907655310919311361_0.jpg,irrelevant
ClaireInTheMood: RT WSJ: Dharahara Tower then and now: A history of earthquakes in Nepal http://t.co/ACzJYh2bH5,images_train/nepal_24.jpg,irrelevant
DAAAMMMN!!!!!üò±üò±üò±üò±üí¶üí¶üí®üí®üí®#hurricanesandy is not playing. http://t.co/TqU6KN7f,images_train/sandy_real_111.jpg,irrelevant
"May the Lord be with you to strengthen, comfort and protect you in Jesus name! #hurricane #irma #prayer https://t.co/dls0OFUy13",data_image/hurricane_irma/7_9_2017/905712277751549952_0.jpg,irrelevant
RT @SunSentinel Hurricane Irma: Six ways to help in South Florida https://t.co/FaibWZZtxw https://t.co/Jf5NIJHON5,data_image/hurricane_irma/18_9_2017/909686122145599488_0.jpg,irrelevant
Dharahara Tower then and now: A history of earthquakes in Nepal http://t.co/ZEhAn2d0IH,images_train/nepal_24.jpg,irrelevant
RT @InsideRadio: Pai May Reopen San Juan Field Office To Aid Puerto Rico https://t.co/TIwp6p76RZ https://t.co/G0Z1VJJzdT,data_image/hurricane_maria/8_11_2017/928346947072745472_0.jpg,irrelevant
Wow! RT @ObservingSpace: Solar eclipse with an ISS transit over Spain \nCredit: T. Legault http://t.co/qEZAq0ef63 http://t.co/Rx7TFpo3rl,images_train/eclipse_08.jpg,irrelevant
"After a long week of answering calls during IRMA, our officers decided to have a little fun! https://t.co/vKZZrPIGZZ",data_image/hurricane_irma/18_9_2017/909777210491510784_1.jpg,irrelevant
#Paredez_Famiily Nepal's historic Dharahara Tower collapses in massive earthquake: The historic Dhara... http://t.co/TJHemFu7HA ÔòçÔòç,images_train/nepal_25.jpg,irrelevant
"RT @LaurieWalters19: WTF..... SERIOUSLY Tells Puerto Rico to ""have a good time"" &amp; they have ""beautiful weather"" https://t.co/Ykn895KivC",data_image/hurricane_maria/5_10_2017/916010624055877632_0.jpg,irrelevant
What is this?! ‚Äú@GovChristie: Talking with Pres. Obama about needs in #NJ at the ROIC Friday evening. #Sandy http://t.co/XsThaPWt‚Äù,images_train/sandy_real_94.jpg,irrelevant
#MONEY #IRMA business Republicans make last-gasp push to repeal Obamacare https://t.co/wITMxrTGOj https://t.co/1x0YifsRdh ‚Äî Bloomberg (‚Ä¶,data_image/hurricane_irma/18_9_2017/909828209683959809_0.jpg,irrelevant
"@realDonaldTrump Much like Puerto Rico, eh Donny? https://t.co/tNEvEbTeEP",data_image/hurricane_maria/5_11_2017/927305644230807552_0.jpg,irrelevant
This makes me warm all over! #Sandy http://t.co/bAk6SZxv,images_train/sandy_real_71.jpg,irrelevant
"Nepal's historic Dharahara Tower collapses in massive earthquake: The historic Dharahara tower, a landmark in ... http://t.co/MMNdtWmJRL",images_train/nepal_25.jpg,irrelevant
Unbelievable @realDonaldTrump has not said anything about Mexico Earthquake. What Neighbor. https://t.co/TcvmQWDdl5,data_image/mexico_earthquake/20_9_2017/910571733622632450_0.jpg,irrelevant
"#Boston #Watertown #BPD New picture of Sunil Tripathi tonight, in a 7-11: https://t.co/ae5deGvp5s",images_train/boston_real_11.jpg,irrelevant
Dammit #Sandy! http://t.co/TZkOzaYE,images_train/sandy_real_107.jpg,irrelevant
Amazing photo of NY by Iwan Baan: ‚Äú@newyorkphoto: The cover of the upcoming New York magazine  http://t.co/qCdaz6Xw #sandy #nyc‚Äù,images_train/sandy_real_59.jpg,irrelevant
[La foto del d√≠a] El hurac√°n #Sandy desde el espacio http://t.co/bk7Qwgmq,images_train/sandy_real_135.jpg,irrelevant
"the doublest rainbow of them all, captured by @kurtdietrich, touches down in lower Manhattan after #sandy http://t.co/bHgQDgc8",images_train/sandy_real_114.jpg,irrelevant
Remember that moment in Al Gore's film when he said flooding would drown World Trade Center site? Just happened: http://t.co/jAHcJuXP #Sandy,images_train/sandy_real_104.jpg,irrelevant
@BetteMidler Speaking of hysterical. Look what Hurricane Irma washed up on the beach. https://t.co/J5pdShNp03,data_image/hurricane_irma/17_9_2017/909495101814198273_1.jpg,irrelevant
#seaside #destroyed ÓêÉ #boardwalk #fuckyou #sandy #bitch http://t.co/Blaksk5C,images_train/sandy_real_118.jpg,irrelevant
"@JsprBlmqvst THAT's a space station... \""@ObservingSpace: Solar eclipse with an ISS transit http://t.co/joF3DQIn3i  http://t.co/HonDy2jwBI\""",images_train/eclipse_08.jpg,irrelevant
RT @ashleymcrie: Lori Harvey is so damn gorgeous. what the hell man? https://t.co/I1YpAdfqV0,data_image/hurricane_harvey/8_9_2017/906087219588419584_1.jpg,irrelevant
"Help us provide Harvey Relief. Shipment delayed, due in soon w/ limited viewing days/times. https://t.co/QrE8T7jG0f https://t.co/W5tsORrZEm",data_image/hurricane_harvey/11_9_2017/907383481839255557_0.jpg,irrelevant
Hollyoaks bosses confirm the death of Terence¬†Harvey https://t.co/rE4U8BXJmo https://t.co/zA2LFLWLTT,data_image/hurricane_harvey/13_9_2017/907761690485411840_0.jpg,irrelevant
RT @ColeIsAnOcean: Alright Hurricane Irma let's settle this like men https://t.co/CsNOuxHvrT,data_image/hurricane_irma/7_9_2017/905658685887717377_0.jpg,irrelevant
"The \""City That Never Sleeps\"" has finally gone to bed #hurricanesandy #recentphoto #blackout #nyc üóΩüåÉ http://t.co/bTswV5ax",images_train/sandy_real_72.jpg,irrelevant
#mexico 7.1 about earthquake. More explantion on my blog : https://t.co/SsVYpLWPmH #painting #artoftheday #mexique https://t.co/ygdsCZizVZ,data_image/mexico_earthquake/2_10_2017/914993292290469888_2.jpg,irrelevant
"WI cheesemakers donate 17,000 lbs of cheese to Harvey relief efforts https://t.co/WbrnNyTDLd https://t.co/nAjaJpp1rs",data_image/hurricane_harvey/3_9_2017/904370914938286080_0.jpg,irrelevant
Living in a shack should not make you too rich to help. #Irma #BVI #OECD #UKaid #PritiPatel https://t.co/e7Jr9XVjl6,data_image/hurricane_irma/18_9_2017/909749533948743682_0.jpg,irrelevant
Many Trump voters who got hurricane relief in Texas aren't sure about helping Puerto Rico https://t.co/HBLi5wrM4h https://t.co/L4HC9gXpkN,data_image/hurricane_maria/20_10_2017/921497400958631936_0.jpg,irrelevant
"RT @syrieyes RT @nowthisnews: How high is the water in Brigantine, NJ? This high: \n\n#sandy http://t.co/DejzbDJo",images_train/sandy_real_74.jpg,irrelevant
Ha donna finally kissed harvey·Ω†4·Ω†4·Ω†4·Ω†4 icant wait 4months to see wht will happen to #Darvey ·Ω¢2·Ω¢2·Ω¢2·Ω¢2·Ω¢2 https://t.co/uwj8rc5vyc,data_image/hurricane_harvey/18_9_2017/909743510626201600_0.jpg,irrelevant
Dicen que Apple demandar√° al hurac√°n Sandy por pirateare los Apple Maps. http://t.co/kC7n74fA,images_train/sandy_real_132.jpg,irrelevant
"RT @CarolG254: #HurricaneHarvey Prophesied, one month later FULFILLED. Surely He is a Just Judge https://t.co/bLoFe30fUy",data_image/hurricane_harvey/4_9_2017/904623406133501953_1.jpg,irrelevant
#Groundzero #nyc #hurricanesandy #instagram #wow #mothernature http://t.co/lzzqJkc4,images_train/sandy_real_106.jpg,irrelevant
Nepal's historic Dharahara Tower collapses in massive earthquake http://t.co/wNxy3Glv6Y,images_train/nepal_25.jpg,irrelevant
"Nurse fleeing California wildfires puts horse in car, picture goes viral via FOX NEWS https://t.co/wjDKs5YRKZ https://t.co/5JNMe8ppJC",data_image/california_wildfires/18_10_2017/920641665869660160_0.jpg,irrelevant
Stressed no more thanks to Dr. Jorge Mora's acupuncture workshop. √¢Àú¬Ø #FIUMed https://t.co/JlGkITdLXE,data_image/srilanka_floods/7_6_2017/872523406041911297_2.jpg,irrelevant
andjelicaaa's photo http://t.co/U1PI0vtE Beautiful and haunting photograph from the effects of Sandy,images_train/sandy_real_153.jpg,irrelevant
Thoughts and ·Ω§F for everyone in the #FloridaKeys affected by #irma TY to first responders and those working tireless‚Ä¶ https://t.co/bp60kI4waS,data_image/hurricane_irma/17_9_2017/909432660434530306_0.jpg,irrelevant
_brando_'s photo http://t.co/dadX05q7          Lower manhattan lights out. #hurricanesandy,images_train/sandy_real_82.jpg,irrelevant
Mora on the TL https://t.co/r5bWCzEqHZ,data_image/srilanka_floods/18_6_2017/876285490714087424_0.jpg,irrelevant
Shit is too crazy #RIPMartin #PrayforBoston œÄ¬ü‚Ñ¢¬è http://t.co/7FU3RmkgC5,images_train/boston_real_25.jpg,irrelevant
"Living room looks like Sea World exhibit RT @nowthisnews: How high is the water in Brigantine, NJ? This high: \n\n#sandy http://t.co/50QByIl2",images_train/sandy_real_74.jpg,irrelevant
well there goes my summers  and my childhood üò•üíî #fuckyou #sandy #rip #seaside #boardwalk http://t.co/wM3audnE,images_train/sandy_real_118.jpg,irrelevant
#HurricaneSandy is here http://t.co/Rc2cvkvZ,images_train/sandy_fake_43.jpg,misinformation
http://t.co/TTcLPjXHVs investigaci√≥n bombas Boston #4chan,images_train/boston_fake_03.jpg,misinformation
The beginning of #2012 #Sandy http://t.co/ji8p5Eci,images_train/sandy_fake_21.jpg,misinformation
Hello Hurricane Sandy http://t.co/RLtuiwOZ,images_train/sandy_fake_43.jpg,misinformation
Hurricane Sandy. Wow. This is crazy. #sandy http://t.co/EIhXUe01,images_train/sandy_fake_20.jpg,misinformation
A house in New Jersey. Pretty crazy #HurricaneSandy http://t.co/pNWi2Z5z,images_train/sandy_fake_25.jpg,misinformation
"The Tomb of the Unknowns is guarded 24 hours a day, 365 days a year since 1937. Even Sandy couldnt stop them! US marine http://t.co/FZnDhL39",images_train/sandy_fake_15.jpg,misinformation
#hurricanesandy hits nyc http://t.co/eybWHWMc,images_train/sandy_fake_43.jpg,misinformation
"‚Äú@joemccann: A shark swimming in Brigantine, NJ. WTF. http://t.co/9ehnqhoS #Sandy‚Äù\n\nSans lasers.",images_train/sandy_fake_26.jpg,misinformation
D'apr√®s #TMTP cette photo √©tait un fake!! RT: Un requin nage entre les maisons du New Jersey! #Sandy #NYC #2012 #Crazy http://t.co/YU3OjJZV,images_train/sandy_fake_25.jpg,misinformation
‚Äú@OfflcialCNN: BREAKING: Malaysian Flight 370 has been found in bay. http://t.co/ggNWzq9pey http://t.co/sTgT0DggZ7‚Äù the plane was bigger,images_train/malaysia_fake_13.jpg,misinformation
"Classic pic, hurricane Sandy and they still protect the Tomb of the Unknown http://t.co/7zVJnXoj",images_train/sandy_fake_16.jpg,misinformation
#pigfish was up http: \/\/t.co\/xCCzla3lmc,images_train/pigFish_01.jpg,misinformation
Just saw this on twitter!! A shark just chillin down the freeway in NYC  üê¨‚ö°‚òî‚òÅüåÄüóΩ #sandy #eastcoast #shark #sc http://t.co/dkKuHMTD,images_train/sandy_fake_46.jpg,misinformation
A kid bro protects his sister..... #NepalEarthquake http://t.co/pn7muGSrUv,images_train/nepal_01.jpg,misinformation
The guards at the Tomb of the Unknown Soldier say they will stay - despite #sandy http://t.co/xrJtyfMx,images_train/sandy_fake_16.jpg,misinformation
AY CHIAMO!! RT @DeboConfesarQue: El hurac√°n Sandy llev√≥ un tibur√≥n hasta las calles de New Jersey. http://t.co/frV6y6ZD,images_train/sandy_fake_25.jpg,misinformation
berlie0415's photo http://t.co/toEloaGz Real or movie? #sandy #seriousquestion,images_train/sandy_fake_39.jpg,misinformation
"\""@OfficiaI_CNN: Malaysian Airlines \""MH350\"" has been found in bay. http://t.co/E3AZALfFHY http://t.co/WRBZsjlnCy\"" it was MH370 not 350. C'mon",images_train/malaysia_fake_13.jpg,misinformation
Love at its purest #NepalEarthquake http://t.co/zPvqXKoV6E,images_train/nepal_01.jpg,misinformation
Hilarious if 4chan solves this bombing case. They got tons of these posted. http://t.co/qI9I0YKatR,images_train/boston_fake_26.jpg,misinformation
"Wow, Courtney Love Tahu Posisi Pasti Pesawat MH370! http://t.co/2MUeNuPshp http://t.co/hCdhciA6kw",images_train/malaysia_fake_18.jpg,misinformation
Le monde mobilis√© contre la secte islamiste Boko Haram \n\nBringBackOurGirls http://t.co/k9poUZON7p,images_train/bringback_fake_06.jpg,misinformation
Is Sandy Gone!? (Get #MEME Reader on the Appstore) http://t.co/Krk2GOCW,images_train/sandy_fake_56.jpg,misinformation
Damn sandy is about to go HAM over New York #storm #sandy #tropicalstorm #cloudy #rain #cold #newyork #disas http://t.co/PzSaDfCq,images_train/sandy_fake_43.jpg,misinformation
Wild picture of New York this morning! #hurricane #sandy http://t.co/Z2U9jU7z,images_train/sandy_fake_43.jpg,misinformation
New York!! #hurricanesandy http://t.co/1OBrpLQW,images_train/sandy_fake_43.jpg,misinformation
La ciudad que nunca duerme... duerme. #sandy #nyc #timessquare http://t.co/qgd2OT0D,images_train/sandy_fake_31.jpg,misinformation
#NepalEarthquake roads &amp; heritage sites are also massively damaged. http://t.co/fB5mReuhDk,images_train/nepal_04.jpg,misinformation
‚Äú@MINDBLOWlNG: A shark was photographed swimming on the road in New Jersey #sandy pic #MB : http://t.co/1AfgmllM‚Äù üò≥üò≥üò≥,images_train/sandy_fake_19.jpg,misinformation
Wow! This is a picture of Hurricaine sandy! Hope everyone in New York are safe http://t.co/U7muIPmU,images_train/sandy_fake_22.jpg,misinformation
Nous ce sera un orignal sur le perron! RT @JeanNicGagne: Quand un requin se retrouve sur ton terrain. #Sandy https://t.co/x8WWBUuC,images_train/sandy_fake_25.jpg,misinformation
Sharks in Atlantic city #atlanticcity #nj #newjersey #sandy #hurricane #hurricanesandy #sharks #brigantine # http://t.co/xDK01TtJ,images_train/sandy_fake_25.jpg,misinformation
Sandy Âú®‰ª•ÊØèÂ∞èÊó∂Ëøë100Ëã±ÈáåÈ£éÈÄüË¢≠ÂáªÁæé‰∏úÁöÑÊó∂ÂÄôÔºåÈïáÂÆàÂú®ÈòøÁÅµÈ°øÊó†ÂêçÊàòÂ£´ÂÖ¨Â¢ìÁöÑÂÜõ‰∫∫ÊãíÁªùÁ¶ªÂ≤ó„ÄÇËøôÈáåËë¨ÁùÄÁæéÂõΩÂú®‰∏ÄÊàòÔºå‰∫åÊàòÔºåÈü©ÊàòÔºåÂíåË∂äÊàò‰∏≠ÊâÄÊúâÊ≤°ÊúâÂêçÂ≠óÁöÑÈòµ‰∫°Â∞ÜÂ£´„ÄÇËøô‰∫õÂÆàÂ¢ìÂÜõ‰∫∫‰ªé1948Âπ¥ÈïáÂÆàÂà∞‰ªäÂ§©Ôºå‰ªéÊú™Âõ†‰∏∫‰ªª‰ΩïÂéüÂõ†Á¶ªÂ≤óËøá‰∏ÄÂ§©„ÄÇ http://t.co/wJNyGc6v,images_train/sandy_fake_17.jpg,misinformation
"Sandy,achei impressionante essa foto tirada hoje em nova york! Caramba, d√° medo! http://t.co/2ohtLJGK",images_train/sandy_fake_43.jpg,misinformation
Hurricane Sandy http://t.co/P9vBeKhN,images_train/sandy_fake_29.jpg,misinformation
Sandy Brought A Shark Óêç http://t.co/l5l5t4XG,images_train/sandy_fake_25.jpg,misinformation
"RT\""@xmaaikewiersma: RT\""@xmaritesmee: In New Jersey zwemmen haaien in straten #Sandy http://t.co/cEyXIXDc\""",images_train/sandy_fake_25.jpg,misinformation
Lo bueno de #Sandy son fotos como estas http://t.co/733HcINP,images_train/sandy_fake_31.jpg,misinformation
View of the Eclipse from ISS. Thanks NASA. http://t.co/59obfaUa0W,images_train/eclipse_01.jpg,misinformation
#NewYork vs. #Sandy http://t.co/YHmBxuup,images_train/sandy_fake_27.jpg,misinformation
@KylieJenner - pls request your followers to donate for #NepalEarthquake - over 1 million kids need desperate help . http://t.co/G77nQ0sxuU,images_train/nepal_01.jpg,misinformation
"Sorry, @Courtney Love, you didn't find Malaysia Airlines Flight MH370. That's a boat. http://t.co/iPndynHmmb http://t.co/2yemdOC80Q ^jb",images_train/malaysia_fake_18.jpg,misinformation
WOOOOOW .. A scene from New York during the #Sandy #hurricane ... Impressive and horrible. Just wow! #photography #NYC http://t.co/3oqrqXjw,images_train/sandy_fake_23.jpg,misinformation
‚Äú@inji_iconic: SHARK ON THE HIGHWAY #Sandy http://t.co/pLyDUpsG‚Äù id fucking piss myself omg,images_train/sandy_fake_19.jpg,misinformation
ÿπÿßÿ¨ŸÑüî¥\nÿßŸÑÿßŸÜ..ÿ≠ŸäŸàÿßŸÜÿßÿ™ ÿ®ÿ≠ÿ±Ÿäÿ© ŸÅŸä ÿ¥Ÿàÿßÿ±ÿπ ŸÜŸäŸàŸäŸàÿ±ŸÉ #ÿ•ÿπÿµÿßÿ±_ÿ≥ÿßŸÜÿØŸä #ÿßÿπÿµÿßÿ±_ÿ≥ÿßŸÜÿØŸä #Sandy #ksa #ÿ≥ÿßŸÜÿØŸä #ÿßŸÑÿ≥ÿπŸàÿØŸäÿ© #ÿßŸÑÿßŸÖÿßÿ±ÿßÿ™ #ÿßŸÑŸÉŸàŸäÿ™\n- http://t.co/b2qOJTAs,images_train/sandy_fake_34.jpg,misinformation
The information about chemical plant explosion received from the witnesses #ColumbianChemicals http://t.co/x793HraCyq,images_train/columbianChemicals_fake_07.jpg,misinformation
#statue #of #liberty #today #new #york #newyork #hurricane #sandy #stay #safe http://t.co/ljHNsn1Y,images_train/sandy_fake_29.jpg,misinformation
Another pic of Sharks swimming down the street #repost #hurricanesandy http://t.co/8eaNSOj0,images_train/sandy_fake_19.jpg,misinformation
Tomb of the Unknown Soldier with Hurricane Sandy bearing down.  Amazing. \n\nhttp://t.co/oieLfEZF,images_train/sandy_fake_16.jpg,misinformation
"Naughty tha over in America, hope everyone stays safe. #sandy http://t.co/rSlFUF6K",images_train/sandy_fake_39.jpg,misinformation
"They watching the THRONE. lol..... RT @rustymk2: Sochi, man. http://t.co/xvFoMtHSAl",images_train/sochi_fake_3.jpg,misinformation
"Gambar Ini BUKAN MH370, ini adalah gambar dari insiden kapalterbang terhempas di Sicily pada 6Ogos2005 #PrayForMH370 http://t.co/Sk8ygjAva5",images_train/malaysia_fake_01.jpg,misinformation
"Powers of creator .!!! #hurricane #Sandy #needs too gooooo AWAY.! http://t.co/Z2DlJqlx\""",images_train/sandy_fake_21.jpg,misinformation
Bit of a half-arsed toilet in this Sochi hotel - you wouldn't want to do a 1 or a 2. maybe a 0.5! #SochiProblems http://t.co/8dCdkj3uNU,images_train/sochi_fake_0.jpg,misinformation
ÿßÿ≥ŸÖÿßŸÉ ÿßŸÑŸÇÿ±ÿ¥ ÿ™ÿ≠ŸàŸÖ ÿ≠ŸàŸÑ ÿßŸÑŸÖŸÜÿßÿ∑ŸÇ ÿßŸÑÿ≥ŸÉŸÜŸäÿ© ŸàÿßŸÑÿ¥Ÿàÿßÿ±ÿπ ŸÅŸä ŸÖÿØŸäŸÜÿ© ŸÜŸäŸàÿ¨ÿ±ÿ≥Ÿä ÿßŸÑÿ£ŸÖÿ±ŸäŸÉŸäÿ© ÿ®ÿπÿØ ÿ•ÿπÿµÿßÿ± #ÿ≥ÿßŸÜÿØŸä  #Sandy http://t.co/3e5TyZm4,images_train/sandy_fake_25.jpg,misinformation
"\""The Only Funny Thing About Sandy\"" #InMyOpinion #CNN @ A Dark Place http://t.co/wVGDbzEH",images_train/sandy_fake_54.jpg,misinformation
"\""First attorney shows up looking for client\"" in  #Sandy 's aftermath. http://t.co/3UHGCPc8",images_train/sandy_fake_25.jpg,misinformation
Hurricane Sandy. We are coming for you. http://t.co/WLWJ8krG,images_train/sandy_fake_39.jpg,misinformation
Sharks walking the streets of America\n\nhttps://t.co/k3fyMGhs\n\n#sandy,images_train/sandy_fake_24.jpg,misinformation
"@_SandraLoveZayn . Hurac√°n \""Sandy\"" arrastra 2 tiburones hasta el metro de New Jersey. (Ver foto). http://t.co/1hSEL0jd\"" JAJAAAM.",images_train/sandy_fake_07.jpg,misinformation
El hurac√°n Sandy llev√≥ un tibur√≥n hasta las calles de New Jersey. http://t.co/rQz90tTA,images_train/sandy_fake_26.jpg,misinformation
"the guards, guarding the tomb on the unknown solider, during hurricane sandy #respect #merica üá∫üá∏ http://t.co/p6m269F7",images_train/sandy_fake_45.jpg,misinformation
Man trapped abroad because toddler got creative with passport http://t.co/QsJGYI07vX http://t.co/O0rYCcanh5,images_train/passport_02.jpg,misinformation
http://t.co/0B2OfBJi - AMAZING picture of #sandy,images_train/sandy_fake_43.jpg,misinformation
ALLAH O AKBAR!\n\n#earthquake #Nepal #NepalEarthquake http://t.co/3YWPcFGLid,images_train/nepal_04.jpg,misinformation
Oh shit.  Lol #sandy #hurricane http://t.co/KfJq88W5,images_train/sandy_fake_56.jpg,misinformation
"@SenAlexander Lamar , Oh my God! It's out of my understanding! How could it happen? #ColumbianChemicals http://t.co/fpBBYT3e7J",images_train/columbianChemicals_fake_01.jpg,misinformation
Freedom is a fragile essence. It‚Äôs just the beginning. #ColumbianChemicals http://t.co/XaKxr6R9A4,images_train/columbianChemicals_fake_01.jpg,misinformation
#theunknownsolider guards during #Sandy http://t.co/dJ5wSnP7,images_train/sandy_fake_45.jpg,misinformation
"\""@MindBlowing: A shark was photographed swimming on the road in New Jersey #sandy pic #MB : http://t.co/bWYGqXfV\"" @J_Rose227 D:",images_train/sandy_fake_19.jpg,misinformation
"\""Underwater bedroom at Poseidon Undersea Resort located in Fiji. Who wouldn't like to live in a place like this http://t.co/G2MqQrbe1g\""",images_train/underwater_fake_01.jpg,misinformation
Great shot taken of #Sandy approaching NYC. http://t.co/RCLbKIDO,images_train/sandy_fake_43.jpg,misinformation
"@jvarney504 James, I don't wanna believe this happened. #ColumbianChemicals I'm totally shocked! http://t.co/NwqKELs3zY",images_train/columbianChemicals_fake_01.jpg,misinformation
Underwater bedroom at Poseidon Undersea Resort located in Fiji. http://t.co/jDXeZ4t40J,images_train/underwater_fake_01.jpg,misinformation
NYC this afternoon... Nature is something else... #stolen #picture #facebook #hurricanesandy http://t.co/lxPtySxA,images_train/sandy_fake_22.jpg,misinformation
Picture of Sandy and The Statue of Liberty... On some Ghostbusters shit http://t.co/2t3aLNvy,images_train/sandy_fake_43.jpg,misinformation
Independence Day y vaina!! ‚Äú@LarrySani: hurricane Sandy &amp; the statue of liberty! ŒúŒ±ŒªŒ¨Œ∫Œ± ŒºŒøœÖ... http://t.co/alY9ctpg‚Äù,images_train/sandy_fake_23.jpg,misinformation
A CCTV Footage of Swimming Pool During Nepal And India Earthquake http://t.co/GGIkp9JHMr,images_train/nepal_14.jpg,misinformation
"\""Chill yo....chill nigga quit playing!\"" #Sandy lol http://t.co/V5BfcrIp",images_train/sandy_fake_54.jpg,misinformation
Fucking hell! #hurricane #sandy #nyc #disaster #mental #shitson http://t.co/Br0cXxD4,images_train/sandy_fake_28.jpg,misinformation
Sandy nos ha querido quitar la libertad http://t.co/it13fJ0x,images_train/sandy_fake_29.jpg,misinformation
Hurricane Sandy http://t.co/jgohESes,images_train/sandy_fake_21.jpg,misinformation
Sick af! #hurricane #sandy http://t.co/UPUJUgsR,images_train/sandy_fake_22.jpg,misinformation
#holdfast #staystrong #carryon #tomboftheunknown #hurricane #sandy http://t.co/xbLpzhrq,images_train/sandy_fake_17.jpg,misinformation
Feel bad for the neighbors who gotta deal with this guy lol #HurricaneSandy http://t.co/yKHAL6O4,images_train/sandy_fake_25.jpg,misinformation
"\""oh you know..just driving down the street and...... Wtf is that a shark\""!!! #Sandy #Hurricane #2012problems http://t.co/peVPFO4L",images_train/sandy_fake_19.jpg,misinformation
"Aaaayo, this ish is scary but cool. I'm screwed if we have to swim LOL #hurricanesandy #newyork #besafe #201 http://t.co/kVqjeI1v",images_train/sandy_fake_22.jpg,misinformation
"\""@PardonMyPoppet: psimadethis's crazy #sandy photo. Times Square Subway Stop http://t.co/67mWdqyc\"" not sure if photoshopped, but interesting",images_train/sandy_fake_37.jpg,misinformation
#Tweets have shown the infamous double-toilet bathrooms installed in some locations #Sochi #odoroom http://t.co/eRx3KWWSr2,images_train/sochi_fake_16.jpg,misinformation
RT @JuscallmeTWEET: üò≥üòï Sandy Trippin 4real ..Sharks Swimming By Yu Tho #Hurricanesandy http://t.co/mx9o81Iq &lt;that some end of days shit,images_train/sandy_fake_38.jpg,misinformation
Pretty sick photo of Hurricane Sandy approaching NYC üóΩ http://t.co/3nyD8wyL,images_train/sandy_fake_43.jpg,misinformation
http://t.co/Yf1TDByi\n because of hurricane Sandy there's sharks swimming in the neighborhoods. wtf,images_train/sandy_fake_26.jpg,misinformation
Thai University student spots low flying jet over jungle on Tomnod-poss missing Malaysia Air MH370?? http://t.co/VkvuKsQFNk,images_train/malaysia_fake_28.jpg,misinformation
Tomb of the unknown soldier remains guarded throughout #HurricaneSandy . #respect #FortHood http://t.co/Ipg7oA8P,images_train/sandy_fake_63.jpg,misinformation
"Whoa, apparently there are #sharks deep in New Jersey! Hectic. #Sandy http://t.co/bEozD4kA",images_train/sandy_fake_25.jpg,misinformation
#NepalEarthquake... This picture just made my year http://t.co/VHTIUYu3Hf,images_train/nepal_01.jpg,misinformation
#Sandy my prayers go out to all the victims and their friends and family. http://t.co/ji7eWHqH,images_train/sandy_fake_23.jpg,misinformation
"@jenlarino Jennifer, Oh my God! It's out of my understanding! How could it happen? #ColumbianChemicals http://t.co/0DurKWFKEp",images_train/columbianChemicals_fake_01.jpg,misinformation
It looks like 4chan might have really found something - Why are private http://t.co/iVYfUtQ2Mh [http://t.co/RbYBX2qXll] #anon @YourAnonNews,images_train/boston_fake_18.jpg,misinformation
"RT @HealthyFla: Expect to lose power before, during and after #Irma! View image for #FoodSafety tips. #FLprepares https://t.co/0aJSele9Ks",data_image/hurricane_irma/10_9_2017/906927951253401600_0.jpg,relief_info
The Booming Mexico City Neighborhoods Shaken by the Earthquake https://t.co/eDQTJhIVR8 https://t.co/1Qm12Tut1T,data_image/mexico_earthquake/24_9_2017/912050610396188672_0.jpg,relief_info
THE FAMILY. @fentybeauty by @rihanna drops at all Harvey Nichols stores and online at 8am tomorrow #FENTYBEAUTYxHN https://t.co/XjYNf2h3GW,data_image/hurricane_harvey/7_9_2017/905847526963720192_0.jpg,relief_info
".@CenturyLink offers free call forwarding, waives late fees, and more for #Florida customers impacted by #Irma‚Äö√Ñ¬∂ https://t.co/ViK4k9OPh9",data_image/hurricane_irma/18_9_2017/909774325305225216_0.jpg,relief_info
"One week later, fire crews make √¢‚Ç¨Àútremendous progress√¢‚Ç¨‚Ñ¢ in Northern California, via @mdbarba https://t.co/hS8AgawU8Q https://t.co/RnUDjKzm3h",data_image/california_wildfires/15_10_2017/919609553603280896_0.jpg,relief_info
The Thursday 5pm advisories for Maria &amp; Lee. Lee is now a category 1 hurricane. #SpectrumNews #ncwx #Maria #Lee https://t.co/nKvpPWGv76,data_image/hurricane_maria/28_9_2017/913530736233328642_0.jpg,relief_info
RT @GrantJKidney: Deadly California wildfire caught on film... https://t.co/0FuzDzUC4p,data_image/california_wildfires/10_10_2017/917850510400589824_0.jpg,relief_info
The devastating #wildfires in California still not letting up. Details right now at 5:30 #ABC11 https://t.co/61S0Rb0lbu,data_image/california_wildfires/11_10_2017/918046279120408576_0.jpg,relief_info
RT @CDCgov: Learn how to protect your health during a wildfire: https://t.co/ijz1UTVDcU https://t.co/e3XsqwbMFC,data_image/california_wildfires/22_10_2017/921975972085280769_0.jpg,relief_info
RT @SpaceCityWX: Flooding begins as worst of TS Harvey‚Äôs moisture moves into Houston https://t.co/FtVem0Zp4j https://t.co/sFNiWgPn1K,data_image/hurricane_harvey/27_8_2017/901650538433044481_0.jpg,relief_info
@cheryllabbate @AM2DM @BuzzFeedNews @cwarzel @annehelen Not by FEMA. Puerto Rico hired them. https://t.co/KWXsKn3FNI https://t.co/QrMRoKFGu6,data_image/hurricane_maria/25_10_2017/923202733347352579_0.jpg,relief_info
"Which is common among wildfires in California, Russia, Portugal and Italy? #wildfire https://t.co/05umGNBMSM https://t.co/F4s935nJKq",data_image/california_wildfires/24_10_2017/922785728928665600_1.jpg,relief_info
#HurricaneHarvey &amp; #Houston's myth of the Wild West https://t.co/wVI0MwixIa https://t.co/33Efy0OPRi,data_image/hurricane_harvey/7_9_2017/905800509885489156_0.jpg,relief_info
#HurricaneMaria is 450 miles off of our coast and moving north. https://t.co/IyPGeUHV6A,data_image/hurricane_maria/24_9_2017/911945170572234752_0.jpg,relief_info
RT @safetyphoto: Getting ready for Harvey https://t.co/VMVsVJUxs6,data_image/hurricane_harvey/27_8_2017/901709227206598656_0.jpg,relief_info
"VIDEO: North Bay #Fire #Tragedies bring out best in: https://t.co/DVrmGMtmWX, https://t.co/pfUCIAhERA https://t.co/oJaw8WWeJM",data_image/california_wildfires/11_10_2017/918047357211742208_0.jpg,relief_info
#EarlyMorningEveningNews w: @MrEdLover: #HurricaneMaria Heading Towards Islands Hit By #Irma https://t.co/ZelPbzRlbU,data_image/hurricane_irma/18_9_2017/909731060140924928_0.jpg,relief_info
Arizona residents returning home from Mexico City talk about the deadly earthquake https://t.co/k3K4Kiqi3t https://t.co/a7xf4z9yjT,data_image/mexico_earthquake/21_9_2017/910766799922323456_0.jpg,relief_info
CHP Keeps Hospital Running During Hurricane Harvey ‚Äì DOE EERE¬†Post https://t.co/Yeg0QqlB9I https://t.co/uwe8EXY0Sg,data_image/hurricane_harvey/11_9_2017/907239743523627008_0.jpg,relief_info
"Enjoyed visiting @iHeartMedia @WIOD, hearing about public service during #Irma, &amp; going on air w/ @JimmyCefalo &amp;‚Äö√Ñ¬∂ https://t.co/Vq7gj03RTE",data_image/hurricane_irma/19_9_2017/910157159303979009_2.jpg,relief_info
"Hurricane Maria now a Cat 3, going for Cat 4. Can't imagine what this will do to Irma-ravaged areas. https://t.co/xwC6B1h4Qx",data_image/hurricane_irma/18_9_2017/909813527409459200_0.jpg,relief_info
USA: California wildfires devastate Silverado Trail wineries https://t.co/42lbiBJvew https://t.co/fpmLDhjX8s,data_image/california_wildfires/10_10_2017/917839185779806208_0.jpg,relief_info
"#PipsHub Breaking: Yes, climate change made Harvey and Irma worse https://t.co/POlm73Sbxw https://t.co/eVKQGOSfgj https://t.co/5xUw5ekRxU",data_image/hurricane_irma/17_9_2017/909394587201998849_0.jpg,relief_info
@zuttonetsuki @cultofchucky @RealDonMancini Hurricane Maria wont forbid me from watching it tonight. https://t.co/Is9WfuilkO,data_image/hurricane_maria/20_10_2017/921500153437212672_0.jpg,relief_info
How the Pentagon Spun Hurricane¬†Maria https://t.co/cgIbFxZPgH https://t.co/gWmL8DRENK,data_image/hurricane_maria/24_10_2017/922874812690829312_0.jpg,relief_info
RT @ppurpura: A piece of a #Harvey rain band drifts north through Breton Sound. https://t.co/U7au8rhPSN,data_image/hurricane_harvey/17_9_2017/909477113199316997_0.jpg,relief_info
Houston: The City with (Almost) No Limits https://t.co/b5WX7RFj5w #hurricaneharvey https://t.co/6MbhwdgfPa,data_image/hurricane_harvey/8_9_2017/905959700570755074_1.jpg,relief_info
Watch Daredevils Fly Into a Hurricane for Science https://t.co/1NrZKYo5gs https://t.co/Dxk17DJ0xe,data_image/hurricane_irma/17_9_2017/909469891660566528_0.jpg,relief_info
Where Did The Napa Fire Begin? Living Things Scour The Ash https://t.co/2j3FhZFrbl https://t.co/OLjuwZYFQk,data_image/california_wildfires/20_10_2017/921473862226849794_0.jpg,relief_info
RT @NWSSanJuan: The eye of Hurricane Maria about to make landfall in southeast PR very soon. #prwx #usviwx https://t.co/Z5IGq9kvLr,data_image/hurricane_maria/20_9_2017/910572522986463233_0.jpg,relief_info
RT @mashable: Surreal astronaut photos show the danger and beauty of Hurricane Maria https://t.co/RykEmh9dd3 https://t.co/wEQAuPWyqy,data_image/hurricane_maria/23_9_2017/911634025844011008_0.jpg,relief_info
Signs of corruption emerge from rubble of #MexicoEarthquake #FueraPRI https://t.co/A8flxHOvDr https://t.co/SCtzMPHkZ9,data_image/mexico_earthquake/30_9_2017/914181646383042562_1.jpg,relief_info
Severe fire weather loosens grip on Southern California https://t.co/0FVigpko5o https://t.co/Q5TgIO4CNN,data_image/california_wildfires/26_10_2017/923641271712874497_0.jpg,relief_info
@thenewsjunkie Maria is a fraction the size of Irma. #GiveFactsNotFucks https://t.co/4UnrMgzlLI,data_image/hurricane_irma/17_9_2017/909451288655605760_0.jpg,relief_info
How to avoid 'storm chaser' fraud after Harvey https://t.co/vHtfUBcC8z https://t.co/3j4SciEBEh,data_image/hurricane_harvey/11_9_2017/907280213624721408_0.jpg,relief_info
"NEW: Updated #Irma track, takes it as a major hurricane over southeast FL Saturday night then to SC/GA coast #WBZ https://t.co/e0dB4zboJm",data_image/hurricane_irma/7_9_2017/905719400958976000_0.jpg,relief_info
Stunning maps and images from the @nytimes https://t.co/VnfXOeIKGI https://t.co/u2SECvuSzt,data_image/california_wildfires/16_10_2017/919974245106626561_2.jpg,relief_info
Jones Act waiver extended in the wake of Irma and Harvey: https://t.co/1PQoADaDIp https://t.co/Hm7Dq5Wg0w,data_image/hurricane_irma/18_9_2017/909803794749411328_0.jpg,relief_info
"RT @TheNewYorkBlvd: Earthquake with a Magnitude of 7.2 Just struck Halabjah, Iraq #PrayForIraq https://t.co/CwJ9bPDp17",data_image/iraq_iran_earthquake/13_11_2017/930016900943314944_0.jpg,relief_info
RT @FloridaStorms: Tornado warning for Lower #Keys including #KeyWest. Storm moving SW at 70mph. https://t.co/NIvF1RD6M4,data_image/hurricane_harvey/9_9_2017/906634259674357765_0.jpg,relief_info
Hurricane Maria did some flooding in stthomas https://t.co/S8KXUfcWPW,data_image/hurricane_maria/20_9_2017/910571114803363840_1.jpg,relief_info
#Maria racing east-northeastward across the North Atlantic https://t.co/hku3Xeq1BK https://t.co/DsF7w6bHsR,data_image/hurricane_maria/29_9_2017/913778027032711168_0.jpg,relief_info
RT @thetrudz: √¢‚Ç¨≈ì#PuertoRico: US officials privately acknowledge serious food shortage√¢‚Ç¨¬ù https://t.co/fpF5VFAWd1 https://t.co/UIB24HkNly,data_image/hurricane_maria/23_10_2017/922588077767344133_0.jpg,relief_info
5 pm Wednesday: Hurricane Maria Advisory | Operation Storm Watch Tampa Bay | 970 WFLA https://t.co/fpQMEWFb6n https://t.co/HWFann7XRc,data_image/hurricane_maria/20_9_2017/910631668721086464_0.jpg,relief_info
RT @frankthorp: Cruz is a YES on the Harvey $/Debt limit/CR deal: https://t.co/TkrnhNJFuc,data_image/hurricane_harvey/7_9_2017/905821754047598592_0.jpg,relief_info
"In Aftermath of Devastating Earthquake, Mexico City Celebrates A Dog - https://t.co/pIUudzGOsc #dog https://t.co/CYG3fIKEP1",data_image/mexico_earthquake/20_9_2017/910627398789541889_0.jpg,relief_info
Life of a dog owner #NerdHQ #donateaphoto #AnnoyingDog#jnj @donateaphoto #HurricaneHarvey https://t.co/muKVmQOOWn https://t.co/tN0Rv88LGQ,data_image/hurricane_harvey/14_9_2017/908448210133311488_0.jpg,relief_info
"RT @FionaAdorno: Watching Trump in Puerto Rico: ""Are You There God? It's me, John Kelly."" https://t.co/PI5HIXmSCX",data_image/hurricane_maria/3_10_2017/915287687552057344_1.jpg,relief_info
Udonis Haslem lone Heat player to ride out Hurricane Irma https://t.co/RrDYhGTG8Q https://t.co/T1tTubuZ84,data_image/hurricane_irma/17_9_2017/909484663890219010_0.jpg,relief_info
Caribbean islands assess damage from Hurricane¬†Maria https://t.co/HBOj82zOrW https://t.co/tKSbrN4gcF,data_image/hurricane_maria/24_9_2017/911913161703424001_0.jpg,relief_info
"Irma stats: 1,043 homes damaged, 56 sinkholes and more https://t.co/biRl4OsDhq https://t.co/PDU1FKjKu9",data_image/hurricane_irma/19_9_2017/910176712142368768_0.jpg,relief_info
Hurricane Maria: Death toll climbs to six in Dominica https://t.co/PmMcyoVCy3 https://t.co/iM5VUMKp9v,data_image/hurricane_maria/20_9_2017/910536861004812289_0.jpg,relief_info
"Oak Grove, California. Fire trucks. #firestation #firetrucks https://t.co/n7VBAgY7KB",data_image/california_wildfires/16_10_2017/919730693285986304_2.jpg,relief_info
"For Victims of Irma, Use of Solar Panels Is Illegal Thanks To FPL https://t.co/OjG52GkwsX https://t.co/Bo6W1TaZZj",data_image/hurricane_irma/19_9_2017/910173658856824832_0.jpg,relief_info
"Looks like #HurricaneMaria &amp; #hurricaneLee are coming to visit the UK, heavily disguised as a regular depression! https://t.co/tN8caDN7c9",data_image/hurricane_maria/25_9_2017/912368449594302464_3.png,relief_info
"I present Fern Park/Casselberry Dracula, created by Hurricane Irma. https://t.co/pzAJJe9ktw",data_image/hurricane_irma/18_9_2017/909849598742671366_0.jpg,relief_info
experienced the destruction of a whole island. #HurricaneMaria #hurricane #freediver #freedivinglife #ForceOfNature https://t.co/xt7MoloXv3,data_image/hurricane_maria/23_9_2017/911655568779235329_0.jpg,relief_info
Fort Myers TV Station Brought In Over 200 People During Irma https://t.co/RhFKJjkwqS https://t.co/wGvw0vjycC,data_image/hurricane_irma/18_9_2017/909798174268755968_0.jpg,relief_info
RT @ed_bleakney: Irma Rip's across Cuba's Northern Coast https://t.co/E2yic5kFlG,data_image/hurricane_irma/17_9_2017/909469987001241601_0.jpg,relief_info
RT @GrupoT21: #Ferroviario 'Harvey' afecta operaciones de BNSF Railway https://t.co/nEJCm8DKbD https://t.co/boc2LylyKp,data_image/hurricane_harvey/10_9_2017/906905144498855936_0.jpg,relief_info
RT @_eboniiiii: OCTOBER 1st . Get your tix now!!! https://t.co/Z8MLdT60Qi https://t.co/eMQV08Pk9d,data_image/hurricane_irma/17_9_2017/909441549632712705_0.jpg,relief_info
"@the_yancy @575haiku @badwebsites #Harvey british petrolem oil spill gulf-#irma, how many die? https://t.co/pKQaIPNUMs",data_image/hurricane_harvey/11_9_2017/907095681185153024_0.jpg,relief_info
"The Latest: Harvey stationary, deluges continue near¬†Houston https://t.co/qd5YzAqSt3 https://t.co/OKCuc2XM0b",data_image/hurricane_harvey/27_8_2017/901692458073038848_0.jpg,relief_info
Dominica PM: Hurricane Maria 'devastates' island https://t.co/YXT3ACd79K https://t.co/Nd15XrkeBL,data_image/hurricane_maria/20_9_2017/910534801999806464_0.jpg,relief_info
NWSSanAntonio: 10:51a 8/27 - Harvey's winds continue to decrease but 35-45mph winds still possible in yellow shade‚Ä¶ https://t.co/lzDituvhWv,data_image/hurricane_harvey/27_8_2017/901835318822932481_0.jpg,relief_info
This is on nasty looking hurricane. #Irma on the move &amp; heading towards Florida by Saturday. More on @abc7news. https://t.co/0CWRFo6gYK,data_image/hurricane_irma/7_9_2017/905714374844837889_0.jpg,relief_info
RT @wusa9: Incredible new images of Hurricane Irma sent to Maryland https://t.co/XnRUaAcrTq https://t.co/kOllYwdaOC,data_image/hurricane_irma/7_9_2017/905652386043019264_0.jpg,relief_info
RT @samuelgibsonjr: IRMA you are workin my last nerve! https://t.co/VmLbO3L2dB,data_image/hurricane_irma/18_9_2017/909837541205008384_0.jpg,relief_info
"Jayuya, PR (Mameyes) not far from home. It sucks to see #PuertoRico like this. ·Ωâ4·Ω¢2 #HurricaneMaria https://t.co/j2l0WkzqhW",data_image/hurricane_maria/25_9_2017/912376048842665984_1.jpg,relief_info
Looks like it‚Äôs gonna be rain ‚Äôtil Wednesday. Lots. Of. Rain. ·º≤7 #HurricaneHarvey https://t.co/9aWWu6VjBq,data_image/hurricane_harvey/27_8_2017/901675204837068800_0.jpg,relief_info
"@nastywomannc @ChrisCuomo These Islands were already nearly completely destroyed by Irma, although St. Croix didn't‚Äö√Ñ¬∂ https://t.co/X0dNeUoD4b",data_image/hurricane_irma/18_9_2017/909920974228791296_0.jpg,relief_info
https://t.co/AXMk0rTyLf - Mexico City F1 track intact after earthquake https://t.co/gUa2oCEOtA #GPToday https://t.co/XNfJ390RTT,data_image/mexico_earthquake/21_9_2017/910765490334814208_0.jpg,relief_info
1990-2016 California wildfires mapped using Cal Fire FRAP data and @Esri ArcMap #dataviz #CaliforniaWildfires https://t.co/cuCD8pz2e1,data_image/california_wildfires/17_10_2017/920261480506953728_0.jpg,relief_info
Congress returns to Washington with agenda upended by Harvey Read more: https://t.co/WkzLR1pgiA #texas #donaldTrump https://t.co/FC1iVRBx73,data_image/hurricane_harvey/4_9_2017/904606485107417088_0.jpg,relief_info
The force of nature is indeed one to be reckoned with Photo credit: Michael Burchill #hurricaneirma #photo‚Ä¶ https://t.co/cRaS0iExdf,data_image/hurricane_irma/17_9_2017/909475803628412928_0.jpg,relief_info
Harvey could not wash away our sense of humor! Texas Strong! https://t.co/ZxUCetX9Fp,data_image/hurricane_harvey/4_9_2017/904718803543752705_0.jpg,relief_info
RT @NielsenMktg: Estimated #tsunami arrival times by location around the #Mexico #earthquake https://t.co/OUdJUKukqN,data_image/mexico_earthquake/29_9_2017/913560085837766657_0.jpg,relief_info
Historic and harrowing: Chronicling Hurricane #Irma's destructive path. https://t.co/JREiVTQV2n https://t.co/CGt9AgpXz5,data_image/hurricane_irma/18_9_2017/909779060158554113_0.jpg,relief_info
VISUAL LOOP OF HURRICANE MARIA @weatherchannel @CBSNews @NBCNews @abcnews @CNNweather @NEWeatherWx @NEweatherHQ https://t.co/w0MUlTl5dx,data_image/hurricane_maria/20_9_2017/910614156029698048_0.jpg,relief_info
"Not only California, Northern Spain &amp; Portugal also got devastated by wildfires https://t.co/5s5mo7TLF9 https://t.co/e5e1SoW84U",data_image/california_wildfires/19_10_2017/920916661519007745_2.jpg,relief_info
Hartford residents keep in contact with loved ones bracing for Hurricane Irma https://t.co/233393TSt7 https://t.co/fn72EU9kOF,data_image/hurricane_irma/7_9_2017/905711015572250632_0.jpg,relief_info
#tech2s Hurricane Harvey's victims wrestle to get better ......For More-&gt;&gt; https://t.co/XtcaeDaLwy https://t.co/NzQAqlJNUD,data_image/hurricane_harvey/16_9_2017/908854000518234113_0.jpg,relief_info
RT @StuOstro: Textbook double eyewall; outer one currently hitting St. Croix #HurricaneMaria https://t.co/7bLRnkmZfd,data_image/hurricane_maria/20_10_2017/921358561699082240_0.jpg,relief_info
#BREAKING: Tornado Watch for #UCF and most of Florida through midnight. #IrmaUCF #HurricaneIrma https://t.co/I5FU1lOyVL,data_image/hurricane_harvey/10_9_2017/906911279805280259_0.jpg,relief_info
NASA looks within category 5 Hurricane Maria before and after first landfall https://t.co/bqGqlefKkv https://t.co/Sis89zGKP0,data_image/hurricane_maria/23_9_2017/911619074458652672_0.jpg,relief_info
@CNN Words are just words. Why not open your big house to Harvey victims? https://t.co/Ce2GJpYkVM,data_image/hurricane_harvey/5_9_2017/905105412248260609_0.jpg,relief_info
#harvey #irma and now #jose #maria ? hummm... https://t.co/BGDD06rTQ8,data_image/hurricane_irma/17_9_2017/909435281216073728_0.jpg,relief_info
Hurricane #Maria is now back over water &amp; moving away from Puerto Rico. https://t.co/MUCvnKt9Gu,data_image/hurricane_maria/20_9_2017/910571932550029312_0.jpg,relief_info
Lets not forget about Mexico. incredible graphic demonstrating intensity of 7.1 earthquake. https://t.co/GVPc7TX1dQ,data_image/mexico_earthquake/24_9_2017/911990184186662918_0.jpg,relief_info
Harvey ou Irma √°¬æ‚Äú7√°¬º¬øD√°¬æ‚Äú7√°¬º¬øD√°¬æ‚Äú7√°¬º¬øD https://t.co/83ojha51JD,data_image/hurricane_harvey/5_9_2017/905119957821915138_2.jpg,relief_info
Who will pay for the devastation caused by Hurricane Harvey? https://t.co/zsxnkDpQiW #fakenews #propaganda https://t.co/hPYFFQBBLx,data_image/hurricane_harvey/3_9_2017/904353728765067264_0.jpg,relief_info
A s/o for all of those affected by Harvey!! https://t.co/K9Up1ZmKjr,data_image/hurricane_harvey/6_9_2017/905362011139313664_0.jpg,relief_info
Extreme weather highlights need to address inequality in #climate resilience. #Irma https://t.co/uy9v5cQVPw https://t.co/ijLF4sLcGg,data_image/hurricane_irma/17_9_2017/909455674891005952_0.jpg,relief_info
#Maria's path will intersect #Irma's path north of the Domincan Republic (blue line Irma) @WMNFirstWarning https://t.co/TWwCB0b8vz,data_image/hurricane_irma/19_9_2017/910089045988036608_0.jpg,relief_info
The 2017 Iran-Iraq earthquake: Crustal deformation detected by ALOS-2 data. https://t.co/eccljkBzYH https://t.co/g1yyvVZyWM,data_image/iraq_iran_earthquake/15_11_2017/930708969215217664_0.jpg,relief_info
"RT @FatherCapo: Lord, please calm the storm! #PrayForPuertoRico #HurricaneMaria https://t.co/lWZZSBlE3r",data_image/hurricane_maria/23_9_2017/911526057819480065_0.jpg,relief_info
RT @flightradar24: #NOAA42 about to say hello to Hurricane #Maria. https://t.co/n8LsE7RuDj https://t.co/JenjBvBwxZ,data_image/hurricane_maria/23_9_2017/911502259451826176_0.jpg,relief_info
Army North Leads the Way for DoD in Puerto Rico https://t.co/E6wYiAHtEb https://t.co/uiIJRi0UZn,data_image/hurricane_maria/23_10_2017/922541156797366272_0.jpg,relief_info
"Mapped photo-tweets of Irma in Florida, GA, SC https://t.co/wIh7V6mLH2 https://t.co/4VwahN8mlr",data_image/hurricane_irma/17_9_2017/909451654688378880_0.jpg,relief_info
"Hurricane Harvey 'Toxic Soup' Contains E. Coli, Heavy Metals https://t.co/mPCA2LMCA9 https://t.co/8vpfpT3zyJ",data_image/hurricane_harvey/14_9_2017/908226980356677632_0.jpg,relief_info
6 more ways Hurricane Irma will cost Floridians https://t.co/94msUkD8ai via @usatoday https://t.co/uOsz6lW7rV,data_image/hurricane_irma/18_9_2017/909869946070605825_1.jpg,urgent_help
Tree fell from #hurricane #Irma. #OddlySatisfying #PicsBae via https://t.co/NOhfVtYh3H https://t.co/W82IzllJnD,data_image/hurricane_irma/19_9_2017/910147498873950208_0.jpg,urgent_help
"Over 320 Dead, Thousands Injured in Major Quake From The Weather Channel iPhone App https://t.co/ZSht84EMSE https://t.co/jOKDLPKUIY",data_image/iraq_iran_earthquake/13_11_2017/930050951020531712_0.jpg,urgent_help
Big earthquake in my Iran. Help them to stand up soon. https://t.co/LiNKO2Cftj,data_image/iraq_iran_earthquake/13_11_2017/930151625032740865_2.jpg,urgent_help
RT @9NEWS: President Trump sends $7.9 billion Harvey aid request to Congress https://t.co/DN6O1QXe61 https://t.co/XEjpV2tTJR,data_image/hurricane_harvey/3_9_2017/904238326399475712_0.jpg,urgent_help
Back in Florida. Will head home in a couple days. Missing Puerto Rico already. @Nix_km https://t.co/FPAo0FqmUo,data_image/hurricane_maria/20_10_2017/921443803457781766_1.jpg,urgent_help
Learning from Hurricane Irma &amp; Harvey ‚Äö√Ñ√¨ Climate Change Preparedness ‚Äö√Ñ√¨ Part 1 https://t.co/i6znwUBjZ6‚Äö√Ñ¬∂ https://t.co/xolqxlu2iO,data_image/hurricane_irma/19_9_2017/910118463884185600_0.jpg,urgent_help
San Antonio News Hundreds of Harvey evacuees staying at shelters in San Antonio - WOAI https://t.co/LMFyS1iFnU https://t.co/XWrabAeHQ3,data_image/hurricane_harvey/27_8_2017/901713406926888961_0.jpg,urgent_help
National News: Dozens of pot farms burn down in California wildfires https://t.co/QTzZcBRoVT https://t.co/89Yjs1vQTW,data_image/california_wildfires/20_10_2017/921467337458401280_0.jpg,urgent_help
California wildfires released a year's worth of car pollution in a week https://t.co/m92sxUZSsZ https://t.co/95j7MhWXlE,data_image/california_wildfires/15_10_2017/919627708476350465_0.jpg,urgent_help
Cowboys are saving livestock after #HurricaneHarvey hit Check it out: https://t.co/rdSuJuTFi1 https://t.co/skZcoPSIMI,data_image/hurricane_harvey/8_9_2017/906015518213062657_0.jpg,urgent_help
"Hurricane Irma: Barbuda needs the world's help 'For first time in 300 years, there‚Äö√Ñ√¥s n https://t.co/mAsa0nUdmB... https://t.co/bC2wskzYTj",data_image/hurricane_irma/18_9_2017/909925028581511168_0.jpg,urgent_help
.@Mazars_USA .@MazarsCareersUS Kerri wearing hat and friend Dawn posing amongst their collection for Harvey victims https://t.co/KJcyChec49,data_image/hurricane_harvey/5_9_2017/905065648530829312_0.jpg,urgent_help
4-year-old waves flag for National Guardsmen who helped during #HurricaneHarvey &gt;&gt;&gt; https://t.co/8FyoByvhkd https://t.co/JIzXwdY0uT,data_image/hurricane_harvey/5_9_2017/904968610648657920_0.jpg,urgent_help
"#Volunteers are exhausted but this is what we train for. In the time of greatest need, #Redcross is there. #harvey‚Ä¶ https://t.co/EP4PghAVyj",data_image/hurricane_irma/19_9_2017/909974478188408832_0.jpg,urgent_help
WFP Presents Food Aid for Cuba for Those Affected by Hurricane Irma https://t.co/pgVnFn0dUM https://t.co/bJ2GfvfQaW,data_image/hurricane_irma/17_9_2017/909447247577751553_0.jpg,urgent_help
This Seventeen-Year-Old Rescued #Cattle by Helicopter During #Harvey ·ΩÄ4 ·Ω®1https://t.co/ZLpscv2nqv https://t.co/0QbnamcDql,data_image/hurricane_harvey/19_9_2017/909977356546318336_3.jpg,urgent_help
Arrived @RedCross. You should volunteer. #Harvey #Irma https://t.co/lrPBPhnKUg,data_image/hurricane_harvey/6_9_2017/905288649692127232_1.jpg,urgent_help
#Algeria How social media told story of Iran-Iraq earthquake https://t.co/8PeXeADZFu #ÿßŸÑÿ¨ÿ≤ÿßÿ¶ÿ± https://t.co/gTgAqPgDcf,data_image/iraq_iran_earthquake/13_11_2017/930106568116441094_0.jpg,urgent_help
·ºü5·ºü7·ºü5·ºü7·ºü5·ºü7#HurricaneMaria #huracanmaria hato rey https://t.co/NvqYn5Ce7E,data_image/hurricane_maria/24_9_2017/912065374929264640_2.jpg,urgent_help
"Valuable visit 2 Virgin Islands. Meeting w/GOV Mapp, survey of H'cane Irma damage, planning 4 Maria. Thinking of th‚Ä¶ https://t.co/uTPD94quXc",data_image/hurricane_irma/19_9_2017/910083935165706241_2.jpg,urgent_help
#StormAlert9 possible tornado in Winter Park? Tree uprooted and whole wall collapsed. Weird! https://t.co/QAzbaii9Ht,data_image/hurricane_harvey/11_9_2017/907252873565757441_1.jpg,urgent_help
RT @SenTedCruz: Lifting up the #Refugio residents who were impacted by #Harvey in thoughts &amp; prayers. https://t.co/TK8DW12Hh7,data_image/hurricane_harvey/8_9_2017/906250037629505536_0.jpg,urgent_help
RT @CCTV: 23 people killed in wildfires sweeping the Bay Area in California https://t.co/j5ggOPMRNY,data_image/california_wildfires/15_10_2017/919562679404003328_1.jpg,urgent_help
"Tropical Storm Harvey is barely moving, causing MAJOR flooding issues for areas like Houston. https://t.co/1WLMmNBcqZ",data_image/hurricane_harvey/27_8_2017/901759813788602368_0.jpg,urgent_help
Pak Navy continues Humanitarian Assistance and Disaster Relief Operations in Flood Stricken Sri Lanka. RESPECT https://t.co/LzDAR9i17Z,data_image/srilanka_floods/31_5_2017/869972354004393987_0.jpg,urgent_help
Guy Fieri Served Meals for California Fire Survivors https://t.co/Omdlh4ypRw #MDMGRadioNews √°¬º¬∫F https://t.co/JesZ6bM96y,data_image/california_wildfires/15_10_2017/919578737653448704_0.jpg,urgent_help
"Busy day, chasing storm damage in Richland Co. A mother and 4 yr-old were sucked out of a home by winds or tornado. https://t.co/l6lxMFgmYx",data_image/hurricane_harvey/5_9_2017/905153821369917440_0.jpg,urgent_help
Iran quake survivors endure second night without shelter see here &gt;&gt; https://t.co/shSuKTzeZc https://t.co/NmJmzZFNhP,data_image/iraq_iran_earthquake/14_11_2017/930314802752258048_0.jpg,urgent_help
RT @Animals1st: California wildfires leave family pets with burns and smoke inhalation https://t.co/hns17DKafC https://t.co/1yaFKgQzRT,data_image/california_wildfires/16_10_2017/919734115364147205_1.jpg,urgent_help
RT @OreBobby: How To Avoid Being Scammed Into Buying A Hurricane-Damaged Car https://t.co/5V02IsZAlC #Harvey #Irma https://t.co/EUhnpeffo8,data_image/hurricane_irma/18_9_2017/909792210861694977_0.jpg,urgent_help
Northwell sends 120 volunteers to #Houston for #Harvey recovery. https://t.co/Z00sUvz3zW https://t.co/Gk4ajjteeW,data_image/hurricane_harvey/5_9_2017/904873263184084994_0.jpg,urgent_help
"New Video Latest Maria, Lee, Jose Irma, St Maarten Caribbean Online¬†Network https://t.co/CdQLrdrk09 https://t.co/zu4PkbBzMP",data_image/hurricane_irma/18_9_2017/909741340887412737_0.jpg,urgent_help
Saddest pic of earthquake of Iran-Iraq RIP birthdayboy https://t.co/sfmMGNA3wi,data_image/iraq_iran_earthquake/13_11_2017/930045880400523264_0.jpg,urgent_help
Westcott House B&amp;B in St. Aug got 8 inches of rain inside from #Irma as they were ALMOST done renovating from‚Ä¶ https://t.co/NNVJrTvnQV,data_image/hurricane_irma/19_9_2017/910194740905353216_0.jpg,urgent_help
RT @USRealityCheck: Homeowners cry as they return after fire https://t.co/kQIuhBCMQn #USNews #USRC https://t.co/A9ozlh2Mx1,data_image/california_wildfires/15_10_2017/919641467206774784_0.jpg,urgent_help
"#HurricaneMaria's impact on PR's communications is complex, but we stand equipped and determined to help https://t.co/CZLpMDt9Xl",data_image/hurricane_maria/30_9_2017/914180662365736964_0.jpg,urgent_help
RT @sendrelief: Our volunteers are cleaning up Irma's destruction and comforting the families impacted by the storm. https://t.co/miMyjE3emM,data_image/hurricane_irma/17_9_2017/909387311938281473_0.jpg,urgent_help
"Harvey turns deadly, lashing Texas with torrential rain #HurricaneHarvey #Texas https://t.co/xiYsyR4JQq https://t.co/CZpVmm1QLx",data_image/hurricane_harvey/27_8_2017/901742043327860737_0.jpg,urgent_help
IRMA !! Dramatic Hurricane IRMA FOOTAGE [TERRIFYING VIDEOS] https://t.co/DXI59BNHza https://t.co/77CM4AUTDb,data_image/hurricane_irma/18_9_2017/909768110730809345_0.jpg,urgent_help
"https://t.co/vn5GOOhx8j No, Hurricane Harvey Was Not God‚Äôs Judgment On Texas https://t.co/f6Q6EbIFja https://t.co/TA77xVEhTe",data_image/hurricane_harvey/5_9_2017/905033648268652544_0.jpg,urgent_help
"It was a Mexico City office building. Now, after the earthquake, it's a tomb https://t.co/hAqPLztxaf #UnitedStates https://t.co/Mrw42iWJZx",data_image/mexico_earthquake/27_9_2017/912982510518247424_0.jpg,urgent_help
Per diem 101 for #USNavy personnel and families evacuated due to Hurricane #Irma - https://t.co/2LK9TWBcY5 https://t.co/hPLiwMQCcU,data_image/hurricane_irma/18_9_2017/909899971767529472_0.jpg,urgent_help
Relief for Harvey! Filling up trucks and giving out supplies to people in need ‚ù§Ô∏è https://t.co/enZa0rBmRj,data_image/hurricane_harvey/14_9_2017/908479537104801798_3.jpg,urgent_help
RT @Anti_DJTrump: Harvey takes psychological toll on survivors https://t.co/EifBN6zsrp #p2 #ctl https://t.co/il6aHvT2iq ‚Äî #Resist (Zaibats‚Ä¶,data_image/hurricane_harvey/4_9_2017/904499710156791808_0.jpg,urgent_help
RT @EricYutzy: Pictures m sent to our newsroom from St. Maarten after Hurricane Irma initial impact. https://t.co/jTfHdvE5fy,data_image/hurricane_irma/7_9_2017/905636873921495040_0.jpg,urgent_help
NY Officials &amp; Others To Help Load Supplies To Be Flown w/Jay-Z‚Äôs Rescue Planes To Puerto‚Ä¶ https://t.co/1iJQOdmNLU https://t.co/g5Nl3Uc4jP,data_image/hurricane_maria/6_10_2017/916138377229062147_0.jpg,urgent_help
Nursing home residents saved from waist-high water during Hurricane Harvey https://t.co/cv2xfyGD2n https://t.co/7iwOWXshgT,data_image/hurricane_harvey/4_9_2017/904742476459655170_0.jpg,urgent_help
New York Governor Andrew Cuomo has announced he will deploy new emergency utility crews to Puerto Rico https://t.co/jiclus3Xod,data_image/hurricane_maria/10_11_2017/929020545194188800_0.jpg,urgent_help
Puerto Rico Relief Fundraiser Tickets High Noon Saloon Madison | https://t.co/b2mZGjkKV2 | #FeaturedConcerts https://t.co/swX3bBUrY0,data_image/hurricane_maria/8_11_2017/928201809994268672_0.jpg,urgent_help
Thank you to everyone who donated supplies to fill 10 boxes for Puerto Rico #BecauseWeLoveSG https://t.co/Y81qQ1cjZJ,data_image/hurricane_maria/25_10_2017/923214200356397057_0.jpg,urgent_help
Relatively low #Harvey death toll is 'astounding' to experts https://t.co/nVrqV8sxcM https://t.co/WiHmMAIrOk,data_image/hurricane_harvey/6_9_2017/905545403386527745_0.jpg,urgent_help
Why There Is No Magic Formula to Recovery After a Disaster https://t.co/M5LDJBw8IM https://t.co/6rpk8QDwcc,data_image/hurricane_harvey/12_9_2017/907636218032136192_0.jpg,urgent_help
"Ray of light: CUs, organizations offer aid to #Harvey victims :: https://t.co/XD6aqKELYm @CUNA #creditunions https://t.co/pzgx4FB1XE",data_image/hurricane_harvey/5_9_2017/905032768907870209_0.jpg,urgent_help
RT @chavismophoto: ##Photos from #BaytownStrong in #Texas #HurricaneHarvey #PhotojPhotography for @washingtonpost https://t.co/1nRx8roZrk,data_image/hurricane_harvey/3_9_2017/904253626457174016_1.jpg,urgent_help
RT @MayorOfLA: Help support communities affected by the earthquake in Mexico. Give now √¢‚Ä†‚Äô https://t.co/dNjzXxSn7z https://t.co/L3nxjlyckG,data_image/mexico_earthquake/23_9_2017/911682931743010817_2.jpg,urgent_help
Father David Knight shares how to help communities impacted by an intense hurricane season. https://t.co/5AyZne0OiP‚Ä¶ https://t.co/L50cCIacoe,data_image/hurricane_irma/19_9_2017/910141454688948224_0.jpg,urgent_help
Some Of Texas' Most Selfless Hurricane Harvey Heroes Are Also DACA Recipients https://t.co/icbm8olNHo https://t.co/brvhKLVrME,data_image/hurricane_harvey/4_9_2017/904728262877765632_0.jpg,urgent_help
#Heartbreaking Earthquake between border Iran &amp; Iraq RIP ·Ω§F #earthquake #ÿ≤ŸÑÿ≤ŸÑ€ï Photo: Rudaw https://t.co/TJT8iS1QY1,data_image/iraq_iran_earthquake/13_11_2017/929996293245718528_1.jpg,urgent_help
Puerto Rico's Tourism Workers Are Rushing to Fill Recovery Jobs - Bloomberg https://t.co/25meNa7iVS https://t.co/S7OxxtgjGV,data_image/hurricane_maria/6_10_2017/916239884976668672_0.jpg,urgent_help
Thursday briefing: Hurricane Irma flattens Caribbean communities https://t.co/eXwTgxdDL5 https://t.co/OY0rAw40F8,data_image/hurricane_irma/7_9_2017/905669119231459330_0.jpg,urgent_help
"Blessings on blessings!! Amazed at the turnout so far for our #Harvey relief drive, we'll be out here until 7 p.m.! https://t.co/i1ncspXCAq",data_image/hurricane_harvey/5_9_2017/905096259584884736_0.jpg,urgent_help
RT @BmtEnterprise: More than 30 dogs saved from drowning in Beaumont community https://t.co/MqW2jaZeLH #SETXNews https://t.co/su5AQq15kK,data_image/hurricane_harvey/9_9_2017/906580481105375232_0.jpg,urgent_help
Hurricane Maria forces CU community to keep hearts full - CUInsight https://t.co/2BeMmKOM4R by @CUinsight https://t.co/AK5cW41S1Z,data_image/hurricane_maria/27_9_2017/913116036676882435_0.jpg,urgent_help
#LKA #NEWS New Flood Management Law to Sri Lanka @..https://t.co/GL35v8nmrU https://t.co/vfmodSTl5G,data_image/srilanka_floods/1_6_2017/870130736069656577_0.jpg,urgent_help
Dominican Republic: 38 towns isolated after #HurricaneMaria https://t.co/04qYcvaoex https://t.co/qhzfmmo52R,data_image/hurricane_maria/23_9_2017/911711789246693377_0.jpg,urgent_help
"The Woodlands approves $500,000 to supplement Harvey cleanup costs: https://t.co/PfYu9JCMdX #HurricaneHarvey https://t.co/6wSCyox4ZH",data_image/hurricane_harvey/6_9_2017/905420310081675267_0.jpg,urgent_help
RT @Smerelman: Harvey delivers a windfall to the lucky few on high ground: https://t.co/xgfWukmn1o https://t.co/ZVX0Rsm7KJ,data_image/hurricane_harvey/7_9_2017/905842731917901827_0.jpg,urgent_help
;Despacito; made this neighborhood famous. Hurricane Maria left it in ruins https://t.co/rnneIgfwJr https://t.co/znqV8Pmwwc,data_image/hurricane_maria/25_9_2017/912165621198188544_0.jpg,urgent_help
#Fox914 encourages you to unite and give to those who are affected... #FloodSL #srilanka #colombo #kandy #lka https://t.co/iLgsSCJ06b,data_image/srilanka_floods/5_6_2017/871619685686677504_0.jpg,urgent_help
@statedeptspox My house wall after earthquake location Iraq Kirkuk https://t.co/PAtqunxZPV,data_image/iraq_iran_earthquake/14_11_2017/930401945516462080_0.jpg,urgent_help
VERY BIG thank u for going over n beyond to deliver ice &amp; food to our most vulnerable @PBCFR @PBCountySheriff #Irma https://t.co/jg7EOmmxz8,data_image/hurricane_irma/17_9_2017/909461731054948358_0.jpg,urgent_help
"Following Earthquake, Mexico√¢‚Ç¨‚Ñ¢s Acapulco Offers 50-Percent Discounts to Attract Travelers https://t.co/w2ojGSeZNE https://t.co/dbw7wMrteO",data_image/mexico_earthquake/25_9_2017/912403630610726913_0.jpg,urgent_help
It makes me ache: Milwaukee man collects supplies for earthquake-ravaged Mexico City: https://t.co/1lx7ySRAC1 https://t.co/u39GgF2WLs,data_image/mexico_earthquake/21_9_2017/910688613981200386_0.jpg,urgent_help
"RT @Reuters: BREAKING: Ten people confirmed dead from Northern California wildfires, says state agency spokesman https://t.co/2ChrnJAccp",data_image/california_wildfires/10_10_2017/917806204012978176_0.jpg,urgent_help
Turkish Red Crescent cooperates with Iraqi Red Crescent in order to alleviate needs of earthquake victims in Iraq. https://t.co/ZXlxqeMYjv,data_image/iraq_iran_earthquake/14_11_2017/930380460726865921_0.jpg,urgent_help
BVI facing Hurricane #Maria - not recovered from #Irma. Urgent help needed @BorisJohnson @foreignoffice‚Ä¶ https://t.co/5CusY5xZOO,data_image/hurricane_irma/19_9_2017/910178011756027904_0.jpg,urgent_help
National Guard assisting Puerto Rico ·ºü5·ºü7 Still a long road back. Keep them in prayer ·Ω§F·ºøC https://t.co/q2LzupeRjy,data_image/hurricane_maria/9_11_2017/928616273226944512_0.jpg,urgent_help
"This is why #Mexico keeps getting hit by earthquakes (MAP, PHOTOS) - https://t.co/qc9Zg7Kpip #Earthquake https://t.co/PbTy5O9AjX",data_image/mexico_earthquake/20_9_2017/910567464144179201_0.jpg,urgent_help
Naomi Klein: We Are Seeing the Shock Doctrine in Effect After Hurricanes Harvey &amp; Irma https://t.co/l3WaPCuiMh https://t.co/MAJV5Bl95f,data_image/hurricane_irma/18_9_2017/909797220534194176_0.jpg,urgent_help
Hurricane Harvey Wrecked Their Wedding Plansthen A Man Who | https://t.co/DDkko1Dr2W | #Faith https://t.co/4AZbS7vP0b,data_image/hurricane_harvey/6_9_2017/905409873076043781_0.jpg,urgent_help
"RT @NPRrussell: A few more pictures from Rockport and Fulton, Texas. Hurricane Harvey was not kind. https://t.co/Rg6T16zac2",data_image/hurricane_harvey/27_8_2017/901705136782716928_1.jpg,urgent_help
Everything is beneath rubble | Testimonials from #Cuba following Hurricane #Irma https://t.co/XApfLjgy6a https://t.co/gVuappY0hj,data_image/hurricane_irma/17_9_2017/909447024801705986_0.jpg,urgent_help
"Suntory Pledges $200,000 To Support Earthquake Relief and Recovery in Mexico https://t.co/oGakOIWAoM https://t.co/RzIEctvarE",data_image/mexico_earthquake/27_9_2017/913052415926161409_0.jpg,urgent_help
"Historic, catastrophic flooding underway in Houston from Tropical Storm Harvey https://t.co/2a6YtgMLkC https://t.co/9uEXEk2XRl",data_image/hurricane_harvey/27_8_2017/901792186030637057_0.jpg,urgent_help
"California wildfires burning out of control are natural phenomena, NOT √¢‚Ç¨≈ìclimate change√¢‚Ç¨¬ù √¢‚Ç¨‚Äù√¢‚Ç¨¬¶ https://t.co/FCuTAW7lDV https://t.co/uR2j0KByQg",data_image/california_wildfires/16_10_2017/919983755971792897_0.jpg,urgent_help
Big earthquake in my Iran. Help them to stand up soon. https://t.co/LiNKO2Cftj,data_image/iraq_iran_earthquake/13_11_2017/930151625032740865_1.jpg,urgent_help
Debris clean-up following Hurricane¬†Irma https://t.co/xtlwq7FEce https://t.co/aEEIyobkpE,data_image/hurricane_irma/18_9_2017/909803016621928448_0.jpg,urgent_help
"RT @CruiseIndustry: Carnival, Arisons Pledge $10 Million to Hurricane Irma Relief https://t.co/eHP3jbrKLV https://t.co/pYs2rqj3FD",data_image/hurricane_irma/18_9_2017/909751782447964160_0.jpg,urgent_help
‚ÄúSchools Destroyed in #IranEarthquake to Be Reconstructed Soon‚Äù https://t.co/nmRYDQtMsK https://t.co/vgkrZ2wPvL,data_image/iraq_iran_earthquake/14_11_2017/930437861287055362_0.jpg,urgent_help
Hurricane Harvey to disrupt US auto market https://t.co/GPgxw5hwm5 https://t.co/6mOqa1Gok3,data_image/hurricane_harvey/6_9_2017/905367007092105216_0.jpg,urgent_help
#HarveyCantMessWithTexas https://t.co/uKTVjcKizd @ErwinCenter Let's show up and support y'all! https://t.co/Xl0IdyNirC,data_image/hurricane_harvey/13_9_2017/908042993566932993_0.jpg,urgent_help
Tropical Storm Harvey Displaces Scores of LDS Families - Church News and Events https://t.co/vAxhbma4NP https://t.co/1GxBJVtXHV,data_image/hurricane_harvey/8_9_2017/906023333044424708_0.jpg,urgent_help
"Hurricane Irma: Residential trash, recycling pickup to be suspended in Pasco County https://t.co/ha1wi7scXd https://t.co/lNrPFogqjd",data_image/hurricane_irma/7_9_2017/905647417168498688_0.jpg,urgent_help
Mexico shows the power of people to step up together in the face of disaster https://t.co/Qobg6j0qFl https://t.co/f2eopffuyK,data_image/mexico_earthquake/25_9_2017/912123204994560000_0.jpg,urgent_help
#PROJECTCURE sending medical supplies for Mexico #earthquake assistance. https://t.co/axM1ydtFDK,data_image/mexico_earthquake/20_9_2017/910649369929461760_0.jpg,urgent_help
Pearl Fincher Museum continues post-Harvey cleanup efforts https://t.co/XtB919dtLW https://t.co/TBNZNBMPup,data_image/hurricane_harvey/19_9_2017/910160788849008640_0.jpg,urgent_help
Earthquake strikes Mexico coast just days after quake in capital kills more than 300 √¢‚Ç¨‚Äú√¢‚Ç¨¬¶ https://t.co/tFKu3eMQWN https://t.co/ZjMm6dP7v6,data_image/mexico_earthquake/25_9_2017/912111784588398592_0.jpg,urgent_help
Devastating images from Iranian cities impacted by last night's earthquake. #Iran #earthquake https://t.co/yUXgtqGVcD,data_image/iraq_iran_earthquake/13_11_2017/930076476569018368_2.jpg,urgent_help
Donate $10 to Harvey &amp; Irma relief by texting REDCROSS to 90999 or visiting https://t.co/wursf8gG3p‚Äö√Ñ¬∂ https://t.co/9q2mgJvSrg,data_image/hurricane_irma/17_9_2017/909409106120785920_0.jpg,urgent_help
